{"n_estimators": 100, "max_depth": null, "random_state": 42, "classes": [0, 1, 2, 3, 4, 5, 6, 7, 8, 9], "feature_importances": [0.10628154256683892, 0.18493451802374639, 0.16446959408968223, 0.15455012967376827, 0.05611744828878895, 0.16508110697205286, 0.16856566038512244]}